company_name,country,website,industry,tag,batch_name,priority,source_type,status
Menards,United States,https://www.menards.com,nan | nan | nan,antigravity,2026全球实体渠道地图高优批次,120,channel_map,pending
True Value Company,United States,https://www.truevalue.com,nan | nan | nan,antigravity,2026全球实体渠道地图高优批次,120,channel_map,pending
Harbor Freight Tools,United States,https://www.harborfreight.com,nan | nan | nan,antigravity,2026全球实体渠道地图高优批次,120,channel_map,pending
Orchard Supply Hardware (Outdoor Supply Hardware),United States,https://outdoorsupplyhardware.com,nan | nan | nan,antigravity,2026全球实体渠道地图高优批次,120,channel_map,pending
Aubuchon Hardware,United States,https://www.hardwarestore.com,nan | nan | nan,antigravity,2026全球实体渠道地图高优批次,120,channel_map,pending
Westlake Hardware,United States,https://www.westlakehardware.com,nan | nan | nan,antigravity,2026全球实体渠道地图高优批次,120,channel_map,pending
Builders FirstSource,United States,https://www.bldr.com,nan | nan | nan,antigravity,2026全球实体渠道地图高优批次,120,channel_map,pending
ABC Supply Co.,United States,https://www.abcsupply.com,nan | nan | nan,antigravity,2026全球实体渠道地图高优批次,120,channel_map,pending
Beacon Roofing Supply,United States,https://www.becn.com,nan | nan | nan,antigravity,2026全球实体渠道地图高优批次,120,channel_map,pending
84 Lumber Company,United States,https://www.84lumber.com,nan | nan | nan,antigravity,2026全球实体渠道地图高优批次,120,channel_map,pending
McCoy's Building Supply,United States,https://www.mccoys.com,nan | nan | nan,antigravity,2026全球实体渠道地图高优批次,120,channel_map,pending
Dunn Lumber,United States,https://dunnlumber.com,nan | nan | nan,antigravity,2026全球实体渠道地图高优批次,120,channel_map,pending
Watsco Inc.,United States,https://www.watsco.com,nan | nan | nan,antigravity,2026全球实体渠道地图高优批次,120,channel_map,pending
Johnstone Supply,United States,https://www.johnstonesupply.com,nan | nan | nan,antigravity,2026全球实体渠道地图高优批次,120,channel_map,pending
Winsupply Inc.,United States,https://www.winsupplyinc.com,nan | nan | nan,antigravity,2026全球实体渠道地图高优批次,120,channel_map,pending
Reece USA,United States,https://www.reece.com/us,nan | nan | nan,antigravity,2026全球实体渠道地图高优批次,120,channel_map,pending
MSC Industrial Direct,United States,https://www.mscdirect.com,nan | nan | nan,antigravity,2026全球实体渠道地图高优批次,120,channel_map,pending
Motion Industries,United States,https://www.motion.com,nan | nan | nan,antigravity,2026全球实体渠道地图高优批次,120,channel_map,pending
Advance Auto Parts,United States,https://www.advanceautoparts.com,nan | nan | nan,antigravity,2026全球实体渠道地图高优批次,120,channel_map,pending
NAPA Auto Parts (Genuine Parts),United States,https://www.napaonline.com,nan | nan | nan,antigravity,2026全球实体渠道地图高优批次,120,channel_map,pending
Pep Boys,United States,https://www.pepboys.com,nan | nan | nan,antigravity,2026全球实体渠道地图高优批次,120,channel_map,pending
Rural King,United States,https://www.ruralking.com,nan | nan | nan,antigravity,2026全球实体渠道地图高优批次,120,channel_map,pending
Blain's Farm & Fleet,United States,https://www.farmandfleet.com,nan | nan | nan,antigravity,2026全球实体渠道地图高优批次,120,channel_map,pending
Bass Pro Shops / Cabela's,United States,https://www.basspro.com,nan | nan | nan,antigravity,2026全球实体渠道地图高优批次,120,channel_map,pending
Dick's Sporting Goods,United States,https://www.dickssportinggoods.com,nan | nan | nan,antigravity,2026全球实体渠道地图高优批次,120,channel_map,pending
REI Co-op,United States,https://www.rei.com,nan | nan | nan,antigravity,2026全球实体渠道地图高优批次,120,channel_map,pending
Academy Sports + Outdoors,United States,https://www.academy.com,nan | nan | nan,antigravity,2026全球实体渠道地图高优批次,120,channel_map,pending
PetSmart,United States,https://www.petsmart.com,nan | nan | nan,antigravity,2026全球实体渠道地图高优批次,120,channel_map,pending
Petco Animal Supplies,United States,https://www.petco.com,nan | nan | nan,antigravity,2026全球实体渠道地图高优批次,120,channel_map,pending
Pet Supplies Plus,United States,https://www.petsuppliesplus.com,nan | nan | nan,antigravity,2026全球实体渠道地图高优批次,120,channel_map,pending
TJX Companies (T.J. Maxx / Marshalls / HomeGoods),United States,https://www.tjx.com,nan | nan | nan,antigravity,2026全球实体渠道地图高优批次,120,channel_map,pending
Five Below,United States,https://www.fivebelow.com,nan | nan | nan,antigravity,2026全球实体渠道地图高优批次,120,channel_map,pending
Joann Fabrics and Crafts,United States,https://www.joann.com,nan | nan | nan,antigravity,2026全球实体渠道地图高优批次,120,channel_map,pending
Home Hardware Stores Limited,Canada,https://www.homehardware.ca,nan | nan | nan,antigravity,2026全球实体渠道地图高优批次,120,channel_map,pending
RONA (Sycamore Partners),Canada,https://www.rona.ca,nan | nan | nan,antigravity,2026全球实体渠道地图高优批次,120,channel_map,pending
Princess Auto,Canada,https://www.princessauto.com,nan | nan | nan,antigravity,2026全球实体渠道地图高优批次,120,channel_map,pending
Wickes Group plc,United Kingdom,https://www.wickes.co.uk,nan | nan | nan,antigravity,2026全球实体渠道地图高优批次,120,channel_map,pending
Jewson (STARK UK),United Kingdom,https://www.jewson.co.uk,nan | nan | nan,antigravity,2026全球实体渠道地图高优批次,120,channel_map,pending
Grafton Group (Selco Builders Warehouse),United Kingdom,https://www.graftonplc.com,nan | nan | nan,antigravity,2026全球实体渠道地图高优批次,120,channel_map,pending
MKM Building Supplies,United Kingdom,https://mkm.com,nan | nan | nan,antigravity,2026全球实体渠道地图高优批次,120,channel_map,pending
City Plumbing Supplies (Highgate Group),United Kingdom,https://www.cityplumbing.co.uk,nan | nan | nan,antigravity,2026全球实体渠道地图高优批次,120,channel_map,pending
Euro Car Parts (LKQ Corporation),United Kingdom,https://www.eurocarparts.com,nan | nan | nan,antigravity,2026全球实体渠道地图高优批次,120,channel_map,pending
B&M European Value Retail,United Kingdom,https://www.bmstores.co.uk,nan | nan | nan,antigravity,2026全球实体渠道地图高优批次,120,channel_map,pending
The Range,United Kingdom,https://www.therange.co.uk,nan | nan | nan,antigravity,2026全球实体渠道地图高优批次,120,channel_map,pending
Poundland (Pepco Group),United Kingdom,https://www.poundland.co.uk,nan | nan | nan,antigravity,2026全球实体渠道地图高优批次,120,channel_map,pending
Nisbets Catering Equipment,United Kingdom,https://www.nisbets.co.uk,nan | nan | nan,antigravity,2026全球实体渠道地图高优批次,120,channel_map,pending
Toom Baumarkt (REWE Group),Germany,https://toom.de,nan | nan | nan,antigravity,2026全球实体渠道地图高优批次,120,channel_map,pending
Hagebau (hagebau Handelsgesellschaft),Germany,https://www.hagebau.de,nan | nan | nan,antigravity,2026全球实体渠道地图高优批次,120,channel_map,pending
BayWa AG,Germany,https://www.baywa.de,nan | nan | nan,antigravity,2026全球实体渠道地图高优批次,120,channel_map,pending
Raab Karcher (STARK Deutschland),Germany,https://www.raabkarcher.de,nan | nan | nan,antigravity,2026全球实体渠道地图高优批次,120,channel_map,pending
Hoffmann Group,Germany,https://www.hoffmann-group.com,nan | nan | nan,antigravity,2026全球实体渠道地图高优批次,120,channel_map,pending
Point.P (Saint-Gobain),France,https://www.pointp.fr,nan | nan | nan,antigravity,2026全球实体渠道地图高优批次,120,channel_map,pending
Fnac Darty,France,https://www.fnacdarty.com,nan | nan | nan,antigravity,2026全球实体渠道地图高优批次,120,channel_map,pending
Gifi (GIFI SAS),France,https://www.gifi.fr,nan | nan | nan,antigravity,2026全球实体渠道地图高优批次,120,channel_map,pending
Mitre 10 Australia,Australia,https://www.mitre10.com.au,nan | nan | nan,antigravity,2026全球实体渠道地图高优批次,120,channel_map,pending
Reece Group,Australia,https://www.reecegroup.com.au,nan | nan | nan,antigravity,2026全球实体渠道地图高优批次,120,channel_map,pending
Blackwoods (Wesfarmers),Australia,https://www.blackwoods.com.au,nan | nan | nan,antigravity,2026全球实体渠道地图高优批次,120,channel_map,pending
BCF (Boating Camping Fishing),Australia,https://www.bcf.com.au,nan | nan | nan,antigravity,2026全球实体渠道地图高优批次,120,channel_map,pending
Petbarn (Greencross),Australia,https://www.petbarn.com.au,nan | nan | nan,antigravity,2026全球实体渠道地图高优批次,120,channel_map,pending
DCM Holdings (DCM Kahma),Japan,https://www.dcm-hc.co.jp,nan | nan | nan,antigravity,2026全球实体渠道地图高优批次,120,channel_map,pending
"Komeri Co., Ltd.",Japan,https://www.komeri.bit.or.jp,nan | nan | nan,antigravity,2026全球实体渠道地图高优批次,120,channel_map,pending
Cainz Corporation,Japan,https://www.cainz.com,nan | nan | nan,antigravity,2026全球实体渠道地图高优批次,120,channel_map,pending
"Seria Co., Ltd.",Japan,https://www.seria-group.com,nan | nan | nan,antigravity,2026全球实体渠道地图高优批次,120,channel_map,pending
Lotte Hi-Mart,Korea,https://www.e-himart.co.kr,nan | nan | nan,antigravity,2026全球实体渠道地图高优批次,120,channel_map,pending
"Hanssem Co., Ltd.",Korea,https://www.hanssem.com,nan | nan | nan,antigravity,2026全球实体渠道地图高优批次,120,channel_map,pending
Electronic Land (ET Land),Korea,https://www.etland.co.kr,nan | nan | nan,antigravity,2026全球实体渠道地图高优批次,120,channel_map,pending
Modern House (E-Land Group),Korea,https://www.modernhouse.co.kr,nan | nan | nan,antigravity,2026全球实体渠道地图高优批次,120,channel_map,pending
Casas Bahia (Via Varejo),Brazil,https://www.casasbahia.com.br,nan | nan | nan,antigravity,2026全球实体渠道地图高优批次,120,channel_map,pending
Petz (Pet Center Comércio e Participações),Brazil,https://www.petz.com.br,nan | nan | nan,antigravity,2026全球实体渠道地图高优批次,120,channel_map,pending
Promart Homecenter (Intercorp),Peru,https://www.promart.pe,nan | nan | nan,antigravity,2026全球实体渠道地图高优批次,120,channel_map,pending
Consolidated Electrical Distributors (CED),United States,https://cedcareers.com,电气设备与电工材料专业分销商 | 大型专业连锁 | 全美最大私营电气分销网络之一，在全美运营700+家独立命名的本地电气门市,antigravity,2026全球实体渠道地图高优批次,120,channel_map,pending
City Electric Supply (CES),United States,https://www.cityelectricsupply.com,电气设备与电工材料专业分销商 | 大型专业连锁 | 全美拥有550+家专业电工自提门市，主营照明、开关断路器、线缆与配电箱,antigravity,2026全球实体渠道地图高优批次,120,channel_map,pending
Border States Electric,United States,https://www.borderstates.com,电气设备与电工材料专业分销商 | 区域大型连锁 | 美国中西部与南部知名大型电气分销商，拥有120+家面向工业与电网工程的大仓,antigravity,2026全球实体渠道地图高优批次,120,channel_map,pending
Crescent Electric Supply Company,United States,https://www.cesco.com,电气设备与电工材料专业分销商 | 区域大型连锁 | 全美运营140+家专业电气器材分支门市，专注工业控制、照明与配电设备,antigravity,2026全球实体渠道地图高优批次,120,channel_map,pending
Elliott Electric Supply,United States,https://www.elliottelectric.com,电气设备与电工材料专业分销商 | 中型区域连锁 | 美国南部（德州/路易斯安那等）知名中型电气连锁门市 (170+家本地网点),antigravity,2026全球实体渠道地图高优批次,120,channel_map,pending
YESSS Electrical,United Kingdom,https://www.yesss.co.uk,电气设备与电工材料专业分销商 | 中型快速发展 | 英国增长最快的创新型电气批发连锁，全英拥有100+家现代化电工自提门市,antigravity,2026全球实体渠道地图高优批次,120,channel_map,pending
FEGIME Deutschland,Germany,https://www.fegime.de,电气设备与电工材料专业分销商 | 大型专业联盟 | 欧洲著名独立中型电气批发商联合组织，德国旗下拥有上百家专业分销门市,antigravity,2026全球实体渠道地图高优批次,120,channel_map,pending
Comoli Ferrari & C. S.p.A.,Italy,https://www.comoliferrari.it,电气设备与电工材料专业分销商 | 大型区域龙头 | 意大利领先电气与智能家居设备分销巨头，意大利北部运营110+家专业门市,antigravity,2026全球实体渠道地图高优批次,120,channel_map,pending
MM Electrical Merchandising (MMEM),Australia,https://www.mmem.com.au,电气设备与电工材料专业分销商 | 大型全国连锁 | 澳大利亚最大电气批发专卖集团，旗下全澳拥有250+家面向电工的实体分销门市,antigravity,2026全球实体渠道地图高优批次,120,channel_map,pending
Middy's Data & Electrical,Australia,https://middys.com.au,电气设备与电工材料专业分销商 | 中型独立连锁 | 澳大利亚最大独立家族电气批发连锁，全澳拥有100+家专营电工门市,antigravity,2026全球实体渠道地图高优批次,120,channel_map,pending
"Sugimoto & Co., Ltd.",Japan,https://www.sugimoto.co.jp,电气设备与电工材料专业分销商 | 大型上市集团 | 日本著名机电工程、电气设备、工厂自动化与测量工具专业批发分销巨头,antigravity,2026全球实体渠道地图高优批次,120,channel_map,pending
Yamazen Corporation,Japan,https://www.yamazen.co.jp,电气设备与电工材料专业分销商 | 大型上市集团 | 日本领先工业生产设备、机电控制与住设建材专业商社，拥有庞大批发分销网络,antigravity,2026全球实体渠道地图高优批次,120,channel_map,pending
Kanaden Corporation,Japan,https://www.kanaden.co.jp,电气设备与电工材料专业分销商 | 大型上市集团 | 三菱电机日本核心一级分销商，专注工厂自动化FA、电气设备与楼宇控制,antigravity,2026全球实体渠道地图高优批次,120,channel_map,pending
Dartel Electricidad,Chile,https://www.dartel.cl,电气设备与电工材料专业分销商 | 大型专业连锁 | 智利最大电气工程材料、高低压配电与照明设备专营分销门市网络 (20+大门市),antigravity,2026全球实体渠道地图高优批次,120,channel_map,pending
Genuine Parts Company (NAPA Auto Parts),United States,https://www.napaonline.com,汽车零配件与汽车后市场专卖店 | 大型跨国集团 | 全球老牌汽配分销帝国，全美运营6000+家NAPA品牌实体汽配批发零售门店,antigravity,2026全球实体渠道地图高优批次,120,channel_map,pending
GSF Car Parts,United Kingdom,https://www.gsfcarparts.com,汽车零配件与汽车后市场专卖店 | 中型区域连锁 | 英国知名专业汽车零配件连锁分销商，全英拥有180+家专业汽修自提门市,antigravity,2026全球实体渠道地图高优批次,120,channel_map,pending
WM SE (Wessels+Müller),Germany,https://www.wm.de,汽车零配件与汽车后市场专卖店 | 大型专业集团 | 欧洲领先商用车与乘用车汽配分销商，欧洲运营200+家现代化汽配分销大仓,antigravity,2026全球实体渠道地图高优批次,120,channel_map,pending
Autodistribution (Parts Holding Europe / PHE),France,https://www.autodistribution.fr,汽车零配件与汽车后市场专卖店 | 大型专业网络 | 法国最大独立汽配分销与维修网络，全法运营350+处专业汽配分销站点,antigravity,2026全球实体渠道地图高优批次,120,channel_map,pending
SPK Corporation,Japan,https://www.spk.co.jp,汽车零配件与汽车后市场专卖店 | 大型上市商社 | 日本最大汽车零配件、工业机械与工程车辆备件专业全球分销商社,antigravity,2026全球实体渠道地图高优批次,120,channel_map,pending
DPaschoal (Cia DPaschoal),Brazil,https://www.dpaschoal.com.br,汽车零配件与汽车后市场专卖店 | 大型全国连锁 | 全巴西运营200+家专业汽车零配件、轮胎与维修服务一体化大型综合中心,antigravity,2026全球实体渠道地图高优批次,120,channel_map,pending
AutoPlanet (Derco / Inchcape),Chile,https://www.autoplanet.cl,汽车零配件与汽车后市场专卖店 | 大型专业连锁 | 智利最大汽车零配件、机油养护与随车工具专业连锁零售商 (80+实体店),antigravity,2026全球实体渠道地图高优批次,120,channel_map,pending
Refaccionaria California,Mexico,https://www.refaccionariacalifornia.com.mx,汽车零配件与汽车后市场专卖店 | 大型区域连锁 | 墨西哥最大汽车配件专业连锁分销商之一，全墨西哥拥有100+家汽配专营大店,antigravity,2026全球实体渠道地图高优批次,120,channel_map,pending
Rolcar (Refacciones y Accesorios),Mexico,https://www.rolcar.com.mx,汽车零配件与汽车后市场专卖店 | 大型区域连锁 | 墨西哥知名汽车零配件、电气线路与发动机配件专营连锁 (150+家分销门市),antigravity,2026全球实体渠道地图高优批次,120,channel_map,pending
